,0,1,2,3,4,5,6,7,8
0,"ï»¿""DATE",ACT,NSW,NT,QLD,SA,TAS,VIC,WA
1,1/22/20,0,0,0,0,0,0,0,0
2,1/23/20,0,0,0,0,0,0,0,0
3,1/24/20,0,0,0,0,0,0,0,0
4,1/25/20,0,0,0,0,0,0,0,0
5,1/26/20,0,3,0,0,0,0,1,0
6,1/27/20,0,4,0,0,0,0,1,0
7,1/28/20,0,4,0,0,0,0,1,0
8,1/29/20,0,4,0,1,0,0,1,0
9,1/30/20,0,4,0,3,0,0,2,0
10,1/31/20,0,4,0,2,0,0,3,0
11,2/1/20,0,4,0,3,1,0,4,0
12,2/2/20,0,4,0,2,2,0,4,0
13,2/3/20,0,4,0,2,2,0,4,0
14,2/4/20,0,4,0,3,2,0,4,0
15,2/5/20,0,4,0,3,2,0,4,0
16,2/6/20,0,4,0,4,2,0,4,0
17,2/7/20,0,4,0,5,2,0,4,0
18,2/8/20,0,4,0,5,2,0,4,0
19,2/9/20,0,4,0,5,2,0,4,0
20,2/10/20,0,4,0,5,2,0,4,0
21,2/11/20,0,4,0,5,2,0,4,0
22,2/12/20,0,4,0,5,2,0,4,0
23,2/13/20,0,4,0,5,2,0,4,0
24,2/14/20,0,4,0,5,2,0,4,0
25,2/15/20,0,4,0,5,2,0,4,0
26,2/16/20,0,4,0,5,2,0,4,0
27,2/17/20,0,4,0,5,2,0,4,0
28,2/18/20,0,4,0,5,2,0,4,0
29,2/19/20,0,4,0,5,2,0,4,0
30,2/20/20,0,4,0,5,2,0,4,0
31,2/21/20,0,4,0,5,2,0,4,0
32,2/22/20,0,4,0,5,2,0,4,0
33,2/23/20,0,4,0,5,2,0,4,0
34,2/24/20,0,4,0,5,2,0,4,0
35,2/25/20,0,4,0,5,2,0,4,0
36,2/26/20,0,4,0,5,2,0,4,0
37,2/27/20,0,4,0,5,2,0,4,0
38,2/28/20,0,4,0,5,2,0,4,0
39,2/29/20,0,4,0,9,3,0,7,2
40,3/1/20,0,6,0,9,3,0,7,2
41,3/2/20,0,6,0,9,3,1,9,2
42,3/3/20,0,13,0,11,3,1,9,2
43,3/4/20,0,22,1,11,5,1,10,2
44,3/5/20,0,22,1,13,5,1,10,3
45,3/6/20,0,26,0,13,7,1,10,3
46,3/7/20,0,28,0,13,7,1,11,3
47,3/8/20,0,38,0,15,7,2,11,3
48,3/9/20,0,48,0,15,7,2,15,4
49,3/10/20,0,55,1,18,7,2,18,6
50,3/11/20,0,65,1,20,9,3,21,9
51,3/12/20,0,65,1,20,9,3,21,9
52,3/13/20,1,92,1,35,16,5,36,14
53,3/14/20,1,112,1,46,19,5,49,17
54,3/15/20,1,134,1,61,20,6,57,17
55,3/16/20,2,171,1,68,29,7,71,28
56,3/17/20,2,210,1,78,29,7,94,31
57,3/18/20,3,267,1,94,37,10,121,35
58,3/19/20,4,307,1,144,42,10,121,52
59,3/20/20,6,353,3,184,50,10,121,64
60,3/21/20,9,436,3,221,67,16,229,90
61,3/22/20,19,669,5,259,100,22,355,120
62,3/23/20,32,669,5,319,134,28,355,140
63,3/24/20,39,818,6,397,170,28,411,175
64,3/25/20,39,1029,6,443,170,36,466,175
65,3/26/20,53,1219,12,493,235,47,520,231
66,3/27/20,62,1405,12,555,257,47,574,231
67,3/28/20,71,1617,15,625,287,62,685,278
68,3/29/20,77,1791,15,656,299,66,769,311
69,3/30/20,78,2032,15,689,305,66,821,355
70,3/31/20,80,2032,17,743,337,69,917,364
71,4/1/20,84,2182,19,781,367,69,968,392
72,4/2/20,87,2298,21,835,367,72,1036,400
73,4/3/20,91,2389,22,873,396,74,1085,400
74,4/4/20,93,2493,26,900,407,80,1115,436
75,4/5/20,96,2580,27,907,407,82,1135,453
76,4/6/20,96,2637,28,921,411,86,1158,460
77,4/7/20,96,2686,28,934,411,89,1191,460
78,4/8/20,99,2734,28,943,415,98,1212,481
79,4/9/20,100,2773,28,953,420,111,1228,495
80,4/10/20,103,2822,28,965,428,122,1241,506
81,4/11/20,103,2857,28,974,429,133,1265,514
82,4/12/20,103,2857,28,983,429,133,1268,514
83,4/13/20,102,2863,28,987,429,144,1281,517
84,4/14/20,103,2870,28,998,433,165,1291,527
85,4/15/20,103,2886,28,999,433,165,1299,527
86,4/16/20,103,2897,28,1001,433,169,1299,532
87,4/17/20,103,2926,28,1007,435,180,1302,541
88,4/18/20,103,2936,28,1015,435,188,1319,544
89,4/19/20,103,2957,28,1019,435,195,1328,545
90,4/20/20,104,2963,28,1019,435,200,1329,545
91,4/21/20,104,2969,28,1024,437,201,1336,546
92,4/22/20,104,2971,28,1024,438,205,1336,546
93,4/23/20,104,2976,28,1026,438,207,1337,546
94,4/24/20,105,2982,28,1026,438,207,1343,548
95,4/25/20,106,2994,28,1026,438,207,1346,549
96,4/26/20,106,3002,28,1030,438,212,1349,549
97,4/27/20,106,3004,28,1033,438,214,1349,549
98,4/28/20,106,3016,28,1034,438,218,1354,550
99,4/29/20,106,3016,28,1033,438,219,1361,551
100,4/30/20,106,3025,28,1033,438,221,1364,551
101,5/1/20,106,3030,27,1034,438,221,1371,551
102,5/2/20,106,3035,29,1035,438,221,1384,551
103,5/3/20,106,3033,29,1038,438,221,1406,551
104,5/4/20,107,3035,29,1043,438,221,1423,551
105,5/5/20,107,3042,29,1043,438,225,1440,551
106,5/6/20,107,3044,29,1045,438,226,1454,551
107,5/7/20,107,3047,29,1045,439,227,1467,552
108,5/8/20,107,3051,29,1045,439,227,1468,552
109,5/9/20,107,3053,29,1045,439,227,1487,552
110,5/10/20,107,3053,29,1045,439,227,1496,552
111,5/11/20,107,3053,29,1051,439,227,1511,553
112,5/12/20,107,3059,29,1052,439,227,1514,553
113,5/13/20,107,3063,29,1051,439,227,1521,552
114,5/14/20,107,3071,29,1054,439,227,1540,552
115,5/15/20,107,3074,29,1055,439,228,1551,552
116,5/16/20,107,3075,29,1055,439,228,1558,553
117,5/17/20,107,3076,29,1057,439,228,1564,554
118,5/18/20,107,3078,29,1057,439,228,1573,557
119,5/19/20,107,3081,29,1058,439,228,1573,557
120,5/20/20,107,3082,29,1058,439,228,1581,557
121,5/21/20,107,3084,29,1058,439,228,1593,557
122,5/22/20,107,3086,29,1060,439,228,1593,557
123,5/23/20,107,3087,29,1061,439,228,1603,560
124,5/24/20,107,3090,29,1056,439,228,1605,560
125,5/25/20,107,3092,29,1057,439,228,1610,564
126,5/26/20,107,3089,29,1058,440,228,1618,570
127,5/27/20,107,3090,29,1058,440,228,1628,570
128,5/28/20,107,3092,29,1058,440,228,1634,577
129,5/29/20,107,3092,29,1058,440,228,1645,585
130,5/30/20,107,3095,29,1058,440,228,1649,586
131,5/31/20,107,3098,29,1058,440,228,1653,589
132,6/1/20,107,3104,29,1059,440,228,1663,591
133,6/2/20,107,3104,29,1059,440,228,1670,592
134,6/3/20,107,3106,29,1060,440,228,1678,592
135,6/4/20,107,3110,29,1060,440,228,1681,592
136,6/5/20,107,3110,29,1061,440,228,1681,596
137,6/6/20,108,3109,29,1061,440,228,1685,599
138,6/7/20,108,3112,29,1062,440,228,1687,599
139,6/8/20,108,3114,29,1062,440,228,1687,599
140,6/9/20,108,3117,29,1062,440,228,1691,599
141,6/10/20,108,3117,29,1063,440,228,1699,601
142,6/11/20,108,3115,29,1064,440,228,1703,602
143,6/12/20,108,3119,29,1065,440,228,1703,602
144,6/13/20,108,3128,29,1065,440,228,1720,602
145,6/14/20,108,3131,29,1065,440,228,1732,602
146,6/15/20,108,3134,29,1065,440,228,1741,602
147,6/16/20,108,3135,29,1066,440,228,1762,602
148,6/17/20,108,3137,29,1066,440,228,1780,603
149,6/18/20,108,3143,29,1066,440,228,1792,603
150,6/19/20,108,3144,29,1066,440,228,1792,604
151,6/20/20,108,3149,29,1066,440,228,1836,605
152,6/21/20,108,3151,29,1066,440,228,1847,605
153,6/22/20,108,3150,29,1066,440,228,1864,607
154,6/23/20,108,3159,29,1066,440,228,1884,607
155,6/24/20,108,3162,29,1066,440,228,1917,608
156,6/25/20,108,3168,29,1067,440,228,1947,608
157,6/26/20,108,3174,29,1067,440,228,1947,608
158,6/27/20,108,3177,29,1067,440,228,2028,609
159,6/28/20,108,3184,29,1067,440,228,2099,609
160,6/29/20,108,3189,29,1067,443,228,2159,611
161,6/30/20,108,3203,29,1067,443,228,2231,611
162,7/1/20,108,3211,30,1067,443,228,2303,611
163,7/2/20,108,3211,30,1067,443,228,2368,611
164,7/3/20,108,3405,30,1067,443,228,2368,611
165,7/4/20,108,3419,30,1067,443,228,2536,612
166,7/5/20,108,3429,30,1067,443,228,2660,618
167,7/6/20,108,3433,30,1068,443,228,2824,621
168,7/7/20,111,3440,30,1068,443,228,2942,624
169,7/8/20,112,3453,30,1068,443,228,3098,624
170,7/9/20,113,3467,31,1068,443,228,3397,627
171,7/10/20,113,3474,31,1070,443,228,3560,634
172,7/11/20,113,3478,31,1070,443,228,3799,635
173,7/12/20,113,3492,31,1071,443,228,3967,635
174,7/13/20,113,3505,31,1071,443,228,4224,636
175,7/14/20,113,3517,31,1071,443,228,4448,636
176,7/15/20,113,3527,31,1071,444,228,4750,646
177,7/16/20,113,3535,31,1071,444,228,5165,646
178,7/17/20,113,3550,31,1071,444,228,5353,651
179,7/18/20,113,3568,31,1071,444,228,5696,651
180,7/19/20,113,3588,31,1072,444,228,5942,651
181,7/20/20,113,3599,31,1072,444,229,6289,651
182,7/21/20,113,3614,31,1073,444,229,6739,651
183,7/22/20,113,3633,31,1074,446,229,7125,651
184,7/23/20,113,3640,31,1076,447,229,7405,654
185,7/24/20,113,3654,31,1076,447,229,7744,656
186,7/25/20,113,3668,31,1076,447,229,8181,658
187,7/26/20,113,3685,31,1076,447,229,8696,658
188,7/27/20,113,3699,31,1076,447,229,9049,659
189,7/28/20,113,3718,31,1078,448,229,9304,661
190,7/29/20,113,3736,31,1082,448,229,9998,661
191,7/30/20,113,3756,31,1083,449,229,10577,665
192,7/31/20,113,3773,33,1084,451,229,10931,666
193,8/1/20,113,3784,33,1085,453,229,11557,641
194,8/2/20,113,3797,33,1085,455,229,11937,669
195,8/3/20,113,3809,33,1085,457,229,12335,669
196,8/4/20,113,3820,33,1088,457,229,13035,670
197,8/5/20,113,3832,33,1088,456,229,13469,670
198,8/6/20,113,3842,33,1087,459,229,13867,642
199,8/7/20,113,3851,33,1088,459,229,14283,642
200,8/8/20,113,3861,33,1088,459,229,14659,642
201,8/9/20,113,3875,33,1089,459,229,14957,642
202,8/10/20,113,3897,33,1089,459,229,15251,642
203,8/11/20,113,3915,33,1089,459,230,15646,642
204,8/12/20,113,3927,33,1089,459,230,15863,644
205,8/13/20,113,3936,33,1091,460,230,16234,645
206,8/14/20,113,3945,33,1091,460,230,16517,646
207,8/15/20,113,3950,33,1091,460,230,16764,646
208,8/16/20,113,3957,33,1091,461,230,17027,646
209,8/17/20,113,3959,33,1091,462,230,17238,647
210,8/18/20,113,3966,33,1092,462,230,17446,647
211,8/19/20,113,3971,33,1093,462,230,17683,651
212,8/20/20,113,3972,33,1094,462,230,17852,651
213,8/21/20,113,3981,33,1103,462,230,18029,651
214,8/22/20,113,3985,33,1105,462,230,18231,652
215,8/23/20,113,3988,33,1106,463,230,18330,652
216,8/24/20,113,3991,33,1106,463,230,18464,653
217,8/25/20,113,3997,33,1107,463,230,18608,653
218,8/26/20,113,4006,33,1110,463,230,18714,653
219,8/27/20,113,4019,33,1113,463,230,18822,655
220,8/28/20,113,4033,33,1117,463,230,18903,655
221,8/29/20,113,4040,33,1121,463,230,19015,655
222,8/30/20,113,4050,33,1122,463,230,19080,655
223,8/31/20,113,4063,33,1124,463,230,19138,655
224,9/1/20,113,4079,33,1126,463,230,19224,655
225,9/2/20,113,4091,33,1128,463,230,19336,655
226,9/3/20,113,4099,33,1128,463,230,19415,655
227,9/4/20,113,4104,33,1129,463,231,19479,655
228,9/5/20,113,4114,33,1131,464,230,19538,655
229,9/6/20,113,4118,33,1133,464,230,19574,656
230,9/7/20,113,4126,33,1134,464,230,19615,658
231,9/8/20,113,4135,33,1143,465,230,19688,658
232,9/9/20,113,4142,33,1143,465,230,19739,659
233,9/10/20,113,4152,33,1145,465,230,19767,659
234,9/11/20,113,4157,33,1149,466,230,19800,659
235,9/12/20,113,4166,33,1149,466,230,19835,659
236,9/13/20,113,4170,33,1149,466,230,19872,659
237,9/14/20,113,4177,33,1150,466,230,19911,659
238,9/15/20,113,4185,33,1149,466,230,19943,659
239,9/16/20,113,4190,33,1150,466,230,19970,661
240,9/17/20,113,4196,33,1150,466,230,20012,661
241,9/18/20,113,4198,33,1150,466,230,20034,661
242,9/19/20,113,4200,33,1152,466,230,20042,662
243,9/20/20,113,4204,33,1153,466,230,20051,662
244,9/21/20,113,4206,33,1153,466,230,20076,665
245,9/22/20,113,4212,33,1153,466,230,20100,665
246,9/23/20,113,4213,33,1153,468,230,20105,665
247,9/24/20,113,4217,33,1153,468,230,20118,668
248,9/25/20,113,4218,33,1156,468,230,20130,668
249,9/26/20,113,4218,33,1157,468,230,20145,676
250,9/27/20,113,4218,33,1157,468,230,20149,676
251,9/28/20,113,4220,33,1157,468,230,20158,676
252,9/29/20,113,4224,33,1157,468,230,20169,684
253,9/30/20,113,4227,33,1157,468,230,20183,685
254,10/1/20,113,4231,33,1160,468,230,20189,685
255,10/2/20,113,4232,33,1160,470,230,20197,686
256,10/3/20,113,4234,33,1160,470,230,20209,686
257,10/4/20,113,4235,33,1160,471,230,20220,686
258,10/5/20,113,4246,33,1160,471,230,20233,687
259,10/6/20,113,4249,33,1160,472,230,20237,687
260,10/7/20,113,4261,33,1160,472,230,20247,690
261,10/8/20,113,4271,33,1160,472,230,20257,690
262,10/9/20,113,4273,33,1161,473,230,20269,692
263,10/10/20,113,4278,33,1161,473,230,20281,694
264,10/11/20,113,4284,33,1161,475,230,20295,694
265,10/12/20,113,4295,33,1161,475,230,20307,696
266,10/13/20,113,4310,33,1161,476,230,20311,703
267,10/14/20,113,4321,33,1162,479,230,20315,704
268,10/15/20,113,4326,33,1164,479,230,20317,709
269,10/16/20,113,4333,33,1164,479,230,20317,709
270,10/17/20,113,4338,33,1164,482,230,20319,711
271,10/18/20,113,4342,33,1164,484,230,20319,714
272,10/19/20,113,4347,33,1164,484,230,20320,714
273,10/20/20,113,4357,33,1165,484,230,20323,738
274,10/21/20,114,4363,33,1165,485,230,20329,739
275,10/22/20,114,4370,33,1167,485,230,20330,747
276,10/23/20,114,4375,33,1167,487,230,20336,753
277,10/24/20,114,4382,33,1167,487,230,20343,757
278,10/25/20,114,4386,33,1167,491,230,20342,762
279,10/26/20,114,4398,33,1167,494,230,20341,762
280,10/27/20,114,4406,33,1169,494,230,20342,765
281,10/28/20,114,4411,37,1169,495,230,20344,765
282,10/29/20,114,4417,37,1172,496,230,20347,766
283,10/30/20,114,4421,38,1171,497,230,20347,767
284,10/31/20,114,4425,38,1172,501,230,20346,769
285,11/1/20,114,4432,38,1172,501,230,20345,769
286,11/2/20,114,4435,38,1175,503,230,20345,770
287,11/3/20,114,4443,38,1177,504,230,20345,771
288,11/4/20,114,4445,39,1177,509,230,20345,771
289,11/5/20,114,4454,39,1177,510,230,20345,775
290,11/6/20,114,4459,39,1177,512,230,20345,776
291,11/7/20,114,4462,39,1177,515,230,20345,776
292,11/8/20,114,4469,39,1177,515,230,20345,776
293,11/9/20,114,4469,40,1178,517,230,20345,776
294,11/10/20,114,4469,41,1179,517,230,20345,776
295,11/11/20,114,4469,42,1182,517,230,20345,776
296,11/12/20,114,4469,42,1183,517,230,20345,776
297,11/13/20,114,4469,46,1185,517,230,20345,776
298,11/14/20,114,4486,46,1185,522,230,20345,783
299,11/15/20,114,4498,46,1185,544,230,20345,787
300,11/16/20,114,4502,46,1186,547,230,20345,788
301,11/17/20,115,4509,46,1187,551,230,20345,794
302,11/18/20,115,4514,46,1190,551,230,20345,794
303,11/19/20,115,4517,46,1190,553,230,20345,796
304,11/20/20,115,4527,46,1192,554,230,20345,797
305,11/21/20,115,4538,46,1193,555,230,20345,799
306,11/22/20,115,4542,46,1196,556,230,20345,804
307,11/23/20,115,4548,47,1197,557,230,20345,804
308,11/24/20,115,4552,48,1197,558,230,20345,808
309,11/25/20,115,4552,49,1197,560,230,20345,817
310,11/26/20,116,4556,52,1198,559,230,20345,817
311,11/27/20,117,4564,52,1199,562,230,20345,817
312,11/28/20,117,4568,52,1201,561,230,20345,818
313,11/29/20,117,4577,52,1201,562,230,20345,818
314,11/30/20,117,4582,53,1202,562,230,20345,821
315,12/1/20,117,4588,53,1205,562,230,20345,823
316,12/2/20,117,4597,59,1206,562,230,20345,823
317,12/3/20,117,4603,59,1208,562,230,20345,825
318,12/4/20,117,4605,59,1210,562,230,20345,828
319,12/5/20,117,4610,59,1212,562,230,20345,830
320,12/6/20,117,4614,59,1215,562,230,20345,830
321,12/7/20,117,4620,61,1221,562,230,20345,831
322,12/8/20,117,4622,61,1221,562,233,20345,832
323,12/9/20,117,4624,61,1225,562,234,20345,832
324,12/10/20,117,4633,62,1224,562,234,20345,834
325,12/11/20,117,4639,62,1226,562,234,20350,835
326,12/12/20,117,4642,62,1226,562,234,20351,836
327,12/13/20,117,4645,63,1227,563,234,20352,836
328,12/14/20,117,4650,66,1228,563,234,20352,838
329,12/15/20,117,4657,66,1229,563,234,20352,842
330,12/16/20,117,4666,68,1230,563,234,20351,843
331,12/17/20,117,4682,68,1233,563,234,20352,844
332,12/18/20,117,4712,69,1232,563,234,20354,845
333,12/19/20,117,4748,71,1234,563,234,20356,845
334,12/20/20,118,4771,71,1235,566,234,20357,846
335,12/21/20,118,4789,71,1235,566,234,20360,846
336,12/22/20,118,4805,71,1236,566,234,20361,846
337,12/23/20,118,4823,73,1238,568,234,20361,847
338,12/24/20,118,4832,73,1240,568,234,20361,848
339,12/25/20,118,4847,73,1241,569,234,20361,854
340,12/26/20,118,4858,73,1241,569,234,20362,853
341,12/27/20,118,4872,73,1246,572,234,20364,858
342,12/28/20,118,4881,74,1248,572,234,20364,858
343,12/29/20,118,4906,74,1250,575,234,20365,859
344,12/30/20,118,4923,74,1253,576,234,20368,859
345,12/31/20,118,4928,75,1253,580,234,20376,861
346,1/1/21,118,4947,75,1255,580,234,20388,863
347,1/2/21,118,4958,81,1255,580,234,20391,867
348,1/3/21,118,4965,81,1260,583,234,20395,868
349,1/4/21,118,4973,81,1262,581,234,20399,869
350,1/5/21,118,4978,87,1263,582,234,20402,872
351,1/6/21,118,4984,87,1265,582,234,20402,874
352,1/7/21,118,4995,88,1274,585,234,20403,874
353,1/8/21,118,5001,90,1274,587,234,20404,874
354,1/9/21,118,5007,90,1274,587,234,20410,875
355,1/10/21,118,5018,90,1278,588,234,20411,877
356,1/11/21,118,5034,90,1281,588,234,20411,878
357,1/12/21,118,5041,91,1283,590,234,20414,879
358,1/13/21,118,5043,93,1287,590,234,20414,881
359,1/14/21,118,5045,93,1290,591,234,20414,884
360,1/15/21,118,5057,93,1291,593,234,20417,886
361,1/16/21,118,5066,93,1293,593,234,20424,887
362,1/17/21,118,5074,93,1294,593,234,20428,887
363,1/18/21,118,5076,93,1297,593,234,20432,888
364,1/19/21,118,5079,95,1299,594,234,20433,888
365,1/20/21,118,5084,96,1300,596,234,20433,888
366,1/21/21,118,5083,97,1303,596,234,20434,890
367,1/22/21,118,5084,98,1303,596,234,20437,890
368,1/23/21,118,5087,98,1303,596,234,20436,894
369,1/24/21,118,5090,98,1305,596,234,20442,894
370,1/25/21,118,5091,98,1305,596,234,20443,895
371,1/26/21,118,5093,98,1306,596,234,20444,897
372,1/27/21,118,5096,98,1307,596,234,20447,898
373,1/28/21,118,5099,98,1308,596,234,20448,898
374,1/29/21,118,5101,98,1309,596,234,20448,902
375,1/30/21,118,5104,98,1309,597,234,20448,903
376,1/31/21,118,5110,98,1310,596,234,20449,903
377,2/1/21,118,5112,98,1311,597,234,20450,903
378,2/2/21,118,5114,98,1311,601,234,20449,904
379,2/3/21,118,5117,99,1311,601,234,20452,906
380,2/4/21,118,5117,99,1309,602,234,20456,907
381,2/5/21,118,5119,101,1311,602,234,20456,907
382,2/6/21,118,5120,102,1312,602,234,20456,907
383,2/7/21,118,5123,102,1314,603,234,20456,907
384,2/8/21,118,5125,102,1315,603,234,20456,907
385,2/9/21,118,5129,102,1316,605,234,20458,909
386,2/10/21,118,5132,102,1317,606,234,20460,910
387,2/11/21,118,5134,102,1318,606,234,20465,910
388,2/12/21,118,5136,102,1320,606,234,20466,910
389,2/13/21,118,5138,103,1320,606,234,20469,910
390,2/14/21,118,5138,103,1320,606,234,20471,910
391,2/15/21,118,5139,103,1320,606,234,20475,910
392,2/16/21,118,5143,103,1320,608,234,20475,910
393,2/17/21,118,5143,103,1320,608,234,20476,910
394,2/18/21,118,5145,103,1321,608,234,20479,910
395,2/19/21,118,5146,104,1321,608,234,20479,910
396,2/20/21,118,5149,104,1321,610,234,20479,911
397,2/21/21,118,5150,104,1323,610,234,20479,912
398,2/22/21,118,5154,104,1323,612,234,20479,913
399,2/23/21,118,5155,104,1323,613,234,20479,913
400,2/24/21,118,5162,104,1324,613,234,20479,913
401,2/25/21,118,5166,104,1328,613,234,20481,913
402,2/26/21,118,5172,105,1329,613,234,20481,913
403,2/27/21,118,5177,105,1329,613,234,20481,913
404,2/28/21,118,5180,105,1331,616,234,20481,913
405,3/1/21,118,5183,105,1335,617,234,20481,913
406,3/2/21,120,5189,105,1335,618,234,20481,914
407,3/3/21,120,5193,105,1342,618,234,20481,914
408,3/4/21,120,5205,105,1344,618,234,20481,914
409,3/5/21,120,5207,105,1347,618,234,20482,916
410,3/6/21,122,5209,105,1349,618,234,20481,916
411,3/7/21,122,5210,105,1356,618,234,20482,919
412,3/8/21,122,5215,105,1362,620,234,20483,920
413,3/9/21,123,5220,105,1367,621,234,20483,921
414,3/10/21,123,5226,105,1373,624,234,20483,922
415,3/11/21,123,5234,105,1375,626,234,20483,922
416,3/12/21,123,5234,105,1379,631,234,20483,923
417,3/13/21,123,5237,105,1380,631,234,20483,924
418,3/14/21,123,5240,105,1386,634,234,20483,925
419,3/15/21,123,5242,105,1388,636,234,20483,926
420,3/16/21,123,5249,106,1394,638,234,20483,927
421,3/17/21,123,5251,106,1402,640,234,20483,927
422,3/18/21,123,5256,106,1411,641,234,20483,929
423,3/19/21,123,5259,106,1415,642,234,20483,930
424,3/20/21,123,5261,106,1417,642,234,20483,930
425,3/21/21,123,5266,106,1421,642,234,20483,931
426,3/22/21,123,5270,106,1422,642,234,20483,931
427,3/23/21,123,5273,106,1426,644,234,20483,932
428,3/24/21,123,5277,106,1429,644,234,20483,934
429,3/25/21,123,5278,106,1436,645,234,20483,934
430,3/26/21,123,5281,106,1443,648,234,20483,934
431,3/27/21,123,5281,107,1446,650,234,20483,935
432,3/28/21,123,5283,108,1456,650,234,20484,938
433,3/29/21,123,5288,108,1466,655,234,20484,938
434,3/30/21,123,5291,108,1467,655,234,20484,942
435,3/31/21,123,5296,108,1477,656,234,20484,944
436,4/1/21,123,5296,109,1485,658,234,20484,944
437,4/2/21,123,5299,111,1488,658,234,20484,944
438,4/3/21,123,5300,112,1489,659,234,20484,947
439,4/4/21,123,5303,112,1492,661,234,20484,948
440,4/5/21,123,5310,112,1491,661,234,20484,950
441,4/6/21,123,5316,112,1497,662,234,20484,951
442,4/7/21,123,5318,112,1500,663,234,20484,951
443,4/8/21,123,5320,112,1501,665,234,20484,951
444,4/9/21,123,5324,112,1502,665,234,20485,951
445,4/10/21,123,5330,112,1502,666,234,20485,953
446,4/11/21,123,5339,112,1504,666,234,20487,954
447,4/12/21,123,5344,112,1506,666,234,20487,957
448,4/13/21,123,5347,112,1508,675,234,20487,964
449,4/14/21,123,5356,113,1509,677,234,20492,965
450,4/15/21,123,5363,113,1515,678,234,20492,966
451,4/16/21,123,5370,113,1516,682,234,20494,967
452,4/17/21,123,5376,119,1518,682,234,20494,973
453,4/18/21,123,5384,119,1518,682,234,20498,975
454,4/19/21,123,5387,129,1518,688,234,20499,978
455,4/20/21,123,5395,132,1519,691,234,20502,980
456,4/21/21,123,5402,136,1520,693,234,20504,982
457,4/22/21,123,5418,149,1524,702,234,20506,982
458,4/23/21,123,5419,159,1525,703,234,20508,982
459,4/24/21,123,5420,160,1529,704,234,20509,984
460,4/25/21,123,5428,164,1531,705,234,20509,986
461,4/26/21,123,5440,164,1534,719,234,20513,990
462,4/27/21,123,5449,165,1550,720,234,20515,994
463,4/28/21,123,5464,165,1554,719,234,20516,998
464,4/29/21,124,5477,166,1559,722,234,20518,998
465,4/30/21,124,5481,166,1561,724,234,20521,1000
466,5/1/21,124,5484,166,1564,725,234,20522,1005
467,5/2/21,124,5489,166,1567,727,234,20523,1008
468,5/3/21,124,5496,166,1568,730,234,20524,1008
469,5/4/21,124,5506,166,1568,733,234,20524,1010
470,5/5/21,124,5516,167,1571,733,234,20526,1013
471,5/6/21,124,5521,167,1573,735,234,20526,1013
472,5/7/21,124,5527,167,1576,738,234,20527,1013
473,5/8/21,124,5533,167,1580,738,234,20533,1013
474,5/9/21,124,5538,167,1580,740,234,20535,1013
475,5/10/21,124,5542,167,1580,740,234,20536,1015
476,5/11/21,124,5546,167,1583,740,234,20537,1015
477,5/12/21,124,5551,167,1585,741,234,20538,1015
478,5/13/21,124,5552,167,1585,741,234,20539,1015
479,5/14/21,124,5555,169,1586,741,234,20540,1015
480,5/15/21,124,5558,169,1589,742,234,20544,1015
481,5/16/21,124,5560,169,1589,742,234,20545,1015
482,5/17/21,124,5563,169,1591,742,234,20545,1015
483,5/18/21,124,5565,170,1592,746,234,20546,1015
484,5/19/21,124,5567,170,1592,746,234,20546,1016
485,5/20/21,124,5567,170,1595,747,234,20546,1016
486,5/21/21,124,5568,170,1597,748,234,20546,1016
487,5/22/21,124,5570,171,1597,748,234,20547,1016
488,5/23/21,124,5572,171,1605,748,234,20549,1016
489,5/24/21,124,5574,171,1607,749,234,20553,1017
490,5/25/21,124,5576,171,1611,750,234,20563,1017
491,5/26/21,124,5576,172,1613,752,234,20575,1017
492,5/27/21,124,5579,172,1615,752,234,20581,1017
493,5/28/21,124,5580,173,1616,752,234,20587,1017
494,5/29/21,124,5585,173,1618,752,234,20593,1017
495,5/30/21,124,5587,173,1618,754,234,20598,1017
496,5/31/21,124,5587,173,1618,754,234,20609,1019
497,6/1/21,124,5588,173,1619,754,234,20614,1018
498,6/2/21,124,5590,173,1621,760,234,20617,1018
499,6/3/21,124,5590,173,1621,760,234,20621,1018
500,6/4/21,124,5590,173,1630,761,234,20627,1018
501,6/5/21,124,5595,173,1632,762,234,20635,1018
502,6/6/21,124,5600,173,1632,764,234,20646,1018
503,6/7/21,124,5605,174,1633,767,234,20649,1019
504,6/8/21,124,5607,174,1634,769,234,20650,1018
505,6/9/21,124,5610,174,1642,769,234,20654,1018
506,6/10/21,124,5611,174,1642,770,234,20655,1018
507,6/11/21,124,5612,174,1642,771,234,20659,1018
508,6/12/21,124,5613,175,1650,774,234,20660,1018
509,6/13/21,124,5619,175,1652,775,234,20665,1018
510,6/14/21,124,5623,175,1655,775,234,20668,1019
511,6/15/21,124,5626,175,1655,776,234,20676,1020
512,6/16/21,124,5629,175,1661,780,234,20678,1020
513,6/17/21,124,5631,175,1664,781,234,20680,1020
514,6/18/21,124,5637,176,1664,784,234,20683,1020
515,6/19/21,124,5642,176,1665,785,234,20685,1020
516,6/20/21,124,5649,176,1670,788,234,20694,1020
517,6/21/21,124,5655,176,1673,788,234,20696,1020
518,6/22/21,124,5666,177,1674,788,234,20697,1020
519,6/23/21,124,5684,177,1678,788,234,20699,1020
520,6/24/21,124,5695,177,1679,792,234,20702,1021
521,6/25/21,124,5725,178,1680,789,234,20706,1021
522,6/26/21,124,5756,181,1683,791,234,20708,1022
523,6/27/21,124,5778,181,1686,794,234,20708,1023
524,6/28/21,124,5798,184,1690,796,234,20710,1024
525,6/29/21,124,5826,184,1696,801,234,20712,1025
526,6/30/21,124,5854,185,1700,807,234,20712,1027
527,7/1/21,124,5886,185,1705,807,234,20715,1028
528,7/2/21,124,5926,185,1714,809,234,20713,1029
529,7/3/21,124,5942,185,1715,810,234,20714,1029
530,7/4/21,124,5979,185,1723,813,234,20716,1030
531,7/5/21,124,5997,185,1728,813,234,20718,1032
532,7/6/21,124,6025,185,1729,813,234,20718,1033
533,7/7/21,124,6064,185,1732,813,234,20718,1033
534,7/8/21,124,6109,186,1732,814,234,20719,1033
535,7/9/21,124,6161,188,1737,816,234,20722,1033
536,7/10/21,124,6243,188,1738,818,234,20722,1033
537,7/11/21,124,6359,188,1739,819,234,20722,1036
538,7/12/21,124,6452,189,1742,821,234,20725,1036
539,7/13/21,124,6551,189,1747,821,234,20727,1036
540,7/14/21,124,6618,189,1752,823,234,20737,1036
541,7/15/21,124,6716,190,1753,825,234,20748,1036
542,7/16/21,124,6833,191,1754,831,234,20767,1037
543,7/17/21,124,6942,191,1755,831,234,20785,1037
544,7/18/21,124,7042,191,1757,832,234,20799,1037
545,7/19/21,124,7121,191,1761,838,234,20813,1038
546,7/20/21,124,7233,191,1761,840,234,20837,1046
547,7/21/21,124,7357,191,1761,846,234,20865,1048
548,7/22/21,124,7492,191,1764,850,234,20879,1048
549,7/23/21,124,7651,191,1763,851,234,20891,1048
550,7/24/21,124,7792,192,1770,855,234,20903,1048
551,7/25/21,124,7943,192,1771,856,234,20914,1048
552,7/26/21,124,8118,192,1770,856,234,20924,1048
553,7/27/21,124,8294,192,1790,857,234,20932,1050
554,7/28/21,124,8531,197,1791,859,234,20939,1051
555,7/29/21,124,8703,197,1793,859,234,20942,1057
556,7/30/21,124,8915,197,1800,859,234,20944,1057
557,7/31/21,124,9153,199,1809,859,234,20948,1057
558,8/1/21,124,9360,200,1824,862,234,20950,1058
559,8/2/21,124,9562,200,1840,863,234,20955,1058
560,8/3/21,124,9795,198,1859,866,234,20955,1058
561,8/4/21,124,10063,198,1886,866,235,20961,1058
562,8/5/21,124,10354,198,1896,866,235,20967,1058
563,8/6/21,124,10662,199,1909,866,235,20997,1059
564,8/7/21,124,10917,199,1918,866,235,21010,1059
565,8/8/21,124,11201,199,1923,868,235,21021,1059
566,8/9/21,124,11558,199,1926,868,235,21041,1059
567,8/10/21,124,11902,199,1929,868,235,21061,1059
568,8/11/21,124,12245,199,1940,868,235,21079,1059
569,8/12/21,129,12629,199,1948,868,235,21098,1059
570,8/13/21,131,13092,199,1955,868,235,21119,1059
571,8/14/21,133,13503,199,1956,868,235,21144,1059
572,8/15/21,152,13978,200,1955,868,235,21166,1061
573,8/16/21,169,14416,200,1957,868,235,21191,1061
574,8/17/21,191,15043,200,1961,868,235,21215,1061
575,8/18/21,207,15717,200,1961,868,235,21271,1062
576,8/19/21,219,16353,200,1962,869,235,21328,1062
577,8/20/21,226,17173,200,1964,869,235,21389,1063
578,8/21/21,245,17995,200,1964,869,235,21455,1063
579,8/22/21,261,18800,200,1966,869,235,21526,1063
580,8/23/21,291,19545,200,1972,870,235,21577,1064
581,8/24/21,300,20466,200,1972,870,235,21618,1064
582,8/25/21,314,21471,200,1972,870,235,21694,1084
583,8/26/21,335,22346,201,1973,870,235,21772,1084
584,8/27/21,361,23372,201,1977,870,235,21835,1084
585,8/28/21,374,24585,202,1977,871,235,21926,1086
586,8/29/21,386,25857,201,1979,871,235,21996,1086
587,8/30/21,398,27026,202,1979,871,235,22071,1086
588,8/31/21,421,28111,202,1980,871,235,22187,1086
589,9/1/21,433,29390,202,1982,871,235,22361,1086
590,9/2/21,451,30807,202,1982,875,235,22570,1086
591,9/3/21,483,32323,202,1984,877,235,22759,1086
592,9/4/21,498,33792,202,1985,879,235,22942,1086
593,9/5/21,509,35064,202,1991,880,235,23188,1086
594,9/6/21,528,36267,203,1991,881,235,23429,1087
595,9/7/21,548,37724,203,1991,888,235,23641,1087
596,9/8/21,563,39108,203,1992,889,235,23964,1088
597,9/9/21,587,40616,203,1995,891,235,24297,1088
598,9/10/21,602,42219,203,2002,891,235,24747,1088
599,9/11/21,617,43436,203,2003,892,235,25128,1089
600,9/12/21,630,44674,203,2007,894,235,25591,1089
601,9/13/21,652,45782,203,2009,895,235,26036,1089
602,9/14/21,665,47007,203,2010,896,235,26439,1089
603,9/15/21,680,48341,204,2013,896,235,26942,1089
604,9/16/21,710,49611,204,2014,898,235,27439,1089
605,9/17/21,725,50919,204,2015,898,235,27968,1092
606,9/18/21,742,51986,204,2015,898,235,28456,1092
607,9/19/21,749,52922,206,2017,898,235,29008,1093
608,9/20/21,765,53898,206,2018,898,235,29596,1094
609,9/21/21,782,54919,206,2019,898,235,30216,1094
610,9/22/21,798,55962,208,2021,899,235,30961,1094
611,9/23/21,817,56988,208,2021,900,235,31679,1094
612,9/24/21,849,57983,208,2022,900,235,32515,1095
613,9/25/21,874,58931,208,2022,900,235,33294,1095
614,9/26/21,893,59709,209,2022,901,235,33967,1095
615,9/27/21,906,60561,209,2028,901,235,34975,1096
616,9/28/21,928,61420,210,2029,901,235,35904,1096
617,9/29/21,959,62353,211,2035,901,235,37333,1096
618,9/30/21,1011,63212,211,2039,901,235,38476,1096
619,10/1/21,1063,64014,212,2042,902,235,39952,1096
620,"10/2/21""",1101,64668,212,2043,904,236,41128,1096
